{"n_d": 22, "n_steps": 5, "n_shared": 2, "n_independent": 5, "momentum": 0.3044998528352832, "gamma": 1.8146290181135383}